http://www.medicinenet.com/abdominal_pain/symptoms.htm,Abdominal Pain
http://www.medicinenet.com/abnormal_facial_expressions/symptoms.htm,Abnormal Facial Expressions
http://www.medicinenet.com/abscessed_tooth_symptoms_and_signs/symptoms.htm,Abscessed Tooth Symptoms and Signs
http://www.medicinenet.com/loss_of_speech/symptoms.htm,Absence of Speech (Loss of Speech)
http://www.medicinenet.com/acid_reflux_gerd_symptoms_and_signs/symptoms.htm,Acid Reflux (GERD) Symptoms and Signs
http://www.medicinenet.com/acute_sinusitis_symptoms_and_signs/symptoms.htm,Acute Sinusitis Symptoms and Signs
http://www.medicinenet.com/inattention/symptoms.htm,ADHD (Inattention)
http://www.medicinenet.com/adhd_symptoms_and_signs/symptoms.htm,ADHD Symptoms and Signs
http://www.medicinenet.com/alcohol_poisoning_symptoms_and_signs/symptoms.htm,Alcohol Poisoning Symptoms and Signs
http://www.medicinenet.com/alcohol_withdrawal_symptoms_and_signs/symptoms.htm,Alcohol Withdrawal Symptoms and Signs
http://www.medicinenet.com/allergy/symptoms.htm,Allergy
http://www.medicinenet.com/altered_mental_status/symptoms.htm,Altered Mental Status
http://www.medicinenet.com/dry_socket_symptoms_and_signs/symptoms.htm,Alveolar Osteitis (Dry Socket Symptoms and Signs)
http://www.medicinenet.com/alzheimers_disease_symptoms_and_signs/symptoms.htm,Alzheimer's Disease Symptoms and Signs
http://www.medicinenet.com/anal_itching/symptoms.htm,Anal Itching
http://www.medicinenet.com/anaphylaxis_symptoms_and_signs/symptoms.htm,Anaphylaxis Symptoms and Signs
http://www.medicinenet.com/anemia/symptoms.htm,Anemia
http://www.medicinenet.com/angular_cheilitis_symptoms_and_signs/symptoms.htm,Angular Cheilitis Symptoms and Signs
http://www.medicinenet.com/ankle_pain/symptoms.htm,Ankle Pain
http://www.medicinenet.com/anxiety/symptoms.htm,Anxiety
http://www.medicinenet.com/loss_of_speech/symptoms.htm,Aphasia (Loss of Speech)
http://www.medicinenet.com/appendicitis_symptoms_and_signs/symptoms.htm,Appendicitis Symptoms and Signs
http://www.medicinenet.com/arm_pain/symptoms.htm,Arm Pain
http://www.medicinenet.com/asthma_symptoms_and_signs/symptoms.htm,Asthma Symptoms and Signs
http://www.medicinenet.com/atrial_fibrillation_afib_symptoms_and_signs/symptoms.htm,Atrial fibrillation (AFib) Symptoms and Signs
http://www.medicinenet.com/atrial_flutter_symptoms_and_signs/symptoms.htm,Atrial Flutter Symptoms and Signs
http://www.medicinenet.com/inattention/symptoms.htm,Attention Deficit (Inattention)
http://www.medicinenet.com/autism_symptoms_and_signs/symptoms.htm,Autism Symptoms and Signs
http://www.medicinenet.com/bird_flu_avian_influenza_symptoms_and_signs/symptoms.htm,Avian Influenza (Bird Flu (Avian Influenza) Symptoms and Signs)
http://www.medicinenet.com/back_pain/symptoms.htm,Back Pain
http://www.medicinenet.com/bad_breath/symptoms.htm,Bad Breath
http://www.medicinenet.com/bad_taste_in_the_mouth/symptoms.htm,Bad Taste in the Mouth
http://www.medicinenet.com/beaus_lines/symptoms.htm,Beau's Lines
http://www.medicinenet.com/unusual_behavior/symptoms.htm,Behavior Disorder (Unusual Behavior)
http://www.medicinenet.com/benign_positional_vertigo_symptoms_and_signs/symptoms.htm,Benign Positional Vertigo Symptoms and Signs
http://www.medicinenet.com/binge_eating_disorder_symptoms_and_signs/symptoms.htm,Binge Eating Disorder Symptoms and Signs
http://www.medicinenet.com/bipolar_disorder_symptoms_and_signs/symptoms.htm,Bipolar Disorder Symptoms and Signs
http://www.medicinenet.com/bird_flu_avian_influenza_symptoms_and_signs/symptoms.htm,Bird Flu (Avian Influenza) Symptoms and Signs
http://www.medicinenet.com/bladder_infection_symptoms_and_signs/symptoms.htm,Bladder Infection Symptoms and Signs
http://www.medicinenet.com/bladder_spasms/symptoms.htm,Bladder Spasms
http://www.medicinenet.com/bleeding_gums/symptoms.htm,Bleeding Gums
http://www.medicinenet.com/blisters/symptoms.htm,Blisters
http://www.medicinenet.com/blood_clot_symptoms_and_signs/symptoms.htm,Blood Clot Symptoms and Signs
http://www.medicinenet.com/blood_in_semen/symptoms.htm,Blood in Semen
http://www.medicinenet.com/blood_in_urine/symptoms.htm,Blood In Urine
http://www.medicinenet.com/bloody_nose/symptoms.htm,Bloody Nose
http://www.medicinenet.com/bloody_sputum/symptoms.htm,Bloody Sputum
http://www.medicinenet.com/flat_affect/symptoms.htm,Blunted Affect (Flat Affect)
http://www.medicinenet.com/blurred_vision/symptoms.htm,Blurred Vision
http://www.medicinenet.com/osteopenia/symptoms.htm,Bone Loss (Osteopenia)
http://www.medicinenet.com/fecal_incontinence/symptoms.htm,Bowel Incontinence (Fecal Incontinence)
http://www.medicinenet.com/brain_aneurysm_symptoms_and_signs/symptoms.htm,Brain Aneurysm Symptoms and Signs
http://www.medicinenet.com/concussion_symptoms_and_signs/symptoms.htm,Brain Trauma (Concussion Symptoms and Signs)
http://www.medicinenet.com/brain_tumor_symptoms_and_signs/symptoms.htm,Brain Tumor Symptoms and Signs
http://www.medicinenet.com/breast_cancer_symptoms_and_signs/symptoms.htm,Breast Cancer Symptoms and Signs
http://www.medicinenet.com/breast_discharge/symptoms.htm,Breast Discharge
http://www.medicinenet.com/breast_lumps/symptoms.htm,Breast Lumps
http://www.medicinenet.com/breast_pain/symptoms.htm,Breast Pain
http://www.medicinenet.com/brittle_nails/symptoms.htm,Brittle Nails
http://www.medicinenet.com/bronchitis_symptoms_and_signs/symptoms.htm,Bronchitis Symptoms and Signs
http://www.medicinenet.com/bumps_on_skin/symptoms.htm,Bumps on Skin
http://www.medicinenet.com/burning_urination/symptoms.htm,Burning Urination
http://www.medicinenet.com/bursitis_symptoms_and_signs/symptoms.htm,Bursitis Symptoms and Signs
http://www.medicinenet.com/buttock_pain/symptoms.htm,Buttock Pain
http://www.medicinenet.com/throat_cancer_symptoms_and_signs/symptoms.htm,Cancer, Throat (Throat Cancer Symptoms and Signs)
http://www.medicinenet.com/carbon_monoxide_poisoning_symptoms_and_signs/symptoms.htm,Carbon Monoxide Poisoning Symptoms and Signs
http://www.medicinenet.com/carpal_tunnel_syndrome_symptoms_and_signs/symptoms.htm,Carpal Tunnel Syndrome Symptoms and Signs
http://www.medicinenet.com/cat_scratch_disease_symptoms_and_signs/symptoms.htm,Cat Scratch Disease Symptoms and Signs
http://www.medicinenet.com/catatonia_catatonic_behavior/symptoms.htm,Catatonia (Catatonic Behavior)
http://www.medicinenet.com/cellulitis_symptoms_and_signs/symptoms.htm,Cellulitis Symptoms and Signs
http://www.medicinenet.com/cervical_cancer_symptoms_and_signs/symptoms.htm,Cervical Cancer Symptoms and Signs
http://www.medicinenet.com/chapped_lips_cheilitis/symptoms.htm,Chapped Lips (Cheilitis)
http://www.medicinenet.com/chest_pain/symptoms.htm,Chest Pain
http://www.medicinenet.com/chills/symptoms.htm,Chills
http://www.medicinenet.com/chlamydia_symptoms_and_signs/symptoms.htm,Chlamydia Symptoms and Signs
http://www.medicinenet.com/chronic_fatigue_syndrome_symptoms_and_signs/symptoms.htm,Chronic Fatigue Syndrome Symptoms and Signs
http://www.medicinenet.com/chronic_pain/symptoms.htm,Chronic Pain
http://www.medicinenet.com/chronic_sore_throat_symptoms_and_signs/symptoms.htm,Chronic Sore Throat Symptoms and Signs
http://www.medicinenet.com/cloudy_urine/symptoms.htm,Cloudy Urine
http://www.medicinenet.com/vitamin_b12_deficiency_symptoms_and_signs/symptoms.htm,Cobalamin Deficiency (Vitamin B12 Deficiency Symptoms and Signs)
http://www.medicinenet.com/coccydynia/symptoms.htm,Coccydynia
http://www.medicinenet.com/cold/symptoms.htm,Cold
http://www.medicinenet.com/cold_feet/symptoms.htm,Cold Feet
http://www.medicinenet.com/cold_fingers/symptoms.htm,Cold Fingers
http://www.medicinenet.com/cold_hands/symptoms.htm,Cold Hands
http://www.medicinenet.com/colitis_symptoms_and_signs/symptoms.htm,Colitis Symptoms and Signs
http://www.medicinenet.com/colon_cancer_symptoms_and_signs/symptoms.htm,Colon Cancer Symptoms and Signs
http://www.medicinenet.com/concussion_symptoms_and_signs/symptoms.htm,Concussion Symptoms and Signs
http://www.medicinenet.com/confusion/symptoms.htm,Confusion
http://www.medicinenet.com/constipation/symptoms.htm,Constipation
http://www.medicinenet.com/contact_dermatitis_symptoms_and_signs/symptoms.htm,Contact Dermatitis Symptoms and Signs
http://www.medicinenet.com/copd_symptoms_and_signs/symptoms.htm,COPD Symptoms and Signs
http://www.medicinenet.com/cough/symptoms.htm,Cough
http://www.medicinenet.com/joint_cracking/symptoms.htm,Creaking Joints (Joint Cracking)
http://www.medicinenet.com/crohns_disease_symptoms_and_signs/symptoms.htm,Crohn's Disease Symptoms and Signs
http://www.medicinenet.com/cyanosisturning_blue/symptoms.htm,Cyanosis/Turning Blue
http://www.medicinenet.com/cystic_fibrosis_symptoms_and_signs/symptoms.htm,Cystic Fibrosis Symptoms and Signs
http://www.medicinenet.com/dark_circles_under_the_eyes/symptoms.htm,Dark Circles Under the Eyes
http://www.medicinenet.com/dark_urine/symptoms.htm,Dark Urine
http://www.medicinenet.com/decreased_appetite/symptoms.htm,Decreased Appetite
http://www.medicinenet.com/osteopenia/symptoms.htm,Decreased Bone Density (Osteopenia)
http://www.medicinenet.com/dehydration_symptoms_and_signs/symptoms.htm,Dehydration Symptoms and Signs
http://www.medicinenet.com/delirium/symptoms.htm,Delirium
http://www.medicinenet.com/delusions/symptoms.htm,Delusions
http://www.medicinenet.com/dengue_symptoms_and_signs/symptoms.htm,Dengue Symptoms and Signs
http://www.medicinenet.com/depigmentation_of_skin/symptoms.htm,Depigmentation of Skin
http://www.medicinenet.com/depression/symptoms.htm,Depression
http://www.medicinenet.com/bladder_spasms/symptoms.htm,Detrusor Contraction (Bladder Spasms)
http://www.medicinenet.com/diabetes_symptoms_and_signs/symptoms.htm,Diabetes Symptoms and Signs
http://www.medicinenet.com/diabetic_ketoacidosis_dka_symptoms_and_signs/symptoms.htm,Diabetic Ketoacidosis (DKA) Symptoms and Signs
http://www.medicinenet.com/diarrhea/symptoms.htm,Diarrhea
http://www.medicinenet.com/difficulty_concentrating/symptoms.htm,Difficulty Concentrating
http://www.medicinenet.com/difficulty_urinating/symptoms.htm,Difficulty Urinating
http://www.medicinenet.com/difficulty_with_speech/symptoms.htm,Difficulty With Speech
http://www.medicinenet.com/dilated_pupils_mydriasis/symptoms.htm,Dilated Pupils (Mydriasis)
http://www.medicinenet.com/self-neglect/symptoms.htm,Diogenes Syndrome (Self-Neglect)
http://www.medicinenet.com/penile_discharge/symptoms.htm,Discharge From Penis (Penile Discharge)
http://www.medicinenet.com/distended_stomach_abdominal_distention/symptoms.htm,Distended Stomach (Abdominal Distention)
http://www.medicinenet.com/distractibility/symptoms.htm,Distractibility
http://www.medicinenet.com/diverticulitis_symptoms_and_signs/symptoms.htm,Diverticulitis Symptoms and Signs
http://www.medicinenet.com/dizziness/symptoms.htm,Dizziness
http://www.medicinenet.com/double_vision/symptoms.htm,Double Vision
http://www.medicinenet.com/drainage_of_pus/symptoms.htm,Drainage of Pus
http://www.medicinenet.com/drooling/symptoms.htm,Drooling
http://www.medicinenet.com/dry_eye/symptoms.htm,Dry Eye
http://www.medicinenet.com/dry_mouth/symptoms.htm,Dry Mouth
http://www.medicinenet.com/dry_skin/symptoms.htm,Dry Skin
http://www.medicinenet.com/dry_socket_symptoms_and_signs/symptoms.htm,Dry Socket Symptoms and Signs
http://www.medicinenet.com/dysarthria/symptoms.htm,Dysarthria
http://www.medicinenet.com/dyspepsia/symptoms.htm,Dyspepsia
http://www.medicinenet.com/dysphagia/symptoms.htm,Dysphagia
http://www.medicinenet.com/e_coli_0157h7_escherichia_coli_0157h7/symptoms.htm,E. coli 0157:H7 (Escherichia coli 0157:H7)
http://www.medicinenet.com/e_coli_0157h7_escherichia_coli_0157h7/symptoms.htm,EAEC (E. coli 0157:H7 (Escherichia coli 0157:H7))
http://www.medicinenet.com/e_coli_0157h7_escherichia_coli_0157h7/symptoms.htm,EAggEC (E. coli 0157:H7 (Escherichia coli 0157:H7))
http://www.medicinenet.com/earache/symptoms.htm,Earache
http://www.medicinenet.com/easy_bruising/symptoms.htm,Easy Bruising
http://www.medicinenet.com/ebola_virus_disease_symptoms_and_signs/symptoms.htm,Ebola Virus Disease Symptoms and Signs
http://www.medicinenet.com/e_coli_0157h7_escherichia_coli_0157h7/symptoms.htm,EHEC (E. coli 0157:H7 (Escherichia coli 0157:H7))
http://www.medicinenet.com/e_coli_0157h7_escherichia_coli_0157h7/symptoms.htm,EIEC (E. coli 0157:H7 (Escherichia coli 0157:H7))
http://www.medicinenet.com/elbow_pain/symptoms.htm,Elbow Pain
http://www.medicinenet.com/high_blood_sugar_symptoms_and_signs/symptoms.htm,Elevated Blood Sugar (High Blood Sugar Symptoms and Signs)
http://www.medicinenet.com/inability_to_regulate_emotions/symptoms.htm,Emotional Disorder (Inability to Regulate Emotions)
http://www.medicinenet.com/endocarditis_symptoms_and_signs/symptoms.htm,Endocarditis Symptoms and Signs
http://www.medicinenet.com/enlarged_heart/symptoms.htm,Enlarged Heart
http://www.medicinenet.com/e_coli_0157h7_escherichia_coli_0157h7/symptoms.htm,Enteroadherent E. coli (E. coli 0157:H7 (Escherichia coli 0157:H7))
http://www.medicinenet.com/e_coli_0157h7_escherichia_coli_0157h7/symptoms.htm,Enteroaggregative E. coli (E. coli 0157:H7 (Escherichia coli 0157:H7))
http://www.medicinenet.com/e_coli_0157h7_escherichia_coli_0157h7/symptoms.htm,Enterohemorrhagic E. coli (E. coli 0157:H7 (Escherichia coli 0157:H7))
http://www.medicinenet.com/e_coli_0157h7_escherichia_coli_0157h7/symptoms.htm,Enteroinvasive E. coli (E. coli 0157:H7 (Escherichia coli 0157:H7))
http://www.medicinenet.com/e_coli_0157h7_escherichia_coli_0157h7/symptoms.htm,Enteropathogenic E. coli (E. coli 0157:H7 (Escherichia coli 0157:H7))
http://www.medicinenet.com/e_coli_0157h7_escherichia_coli_0157h7/symptoms.htm,Enterotoxigenic E. coli (E. coli 0157:H7 (Escherichia coli 0157:H7))
http://www.medicinenet.com/non-polio_enterovirus_symptoms_and_signs/symptoms.htm,Enterovirus D68 (Non-Polio Enterovirus Symptoms and Signs)
http://www.medicinenet.com/enthesitis_symptoms_and_signs/symptoms.htm,Enthesitis Symptoms and Signs
http://www.medicinenet.com/e_coli_0157h7_escherichia_coli_0157h7/symptoms.htm,EPEC (E. coli 0157:H7 (Escherichia coli 0157:H7))
http://www.medicinenet.com/e_coli_0157h7_escherichia_coli_0157h7/symptoms.htm,ETEC (E. coli 0157:H7 (Escherichia coli 0157:H7))
http://www.medicinenet.com/euphoria/symptoms.htm,Euphoria
http://www.medicinenet.com/non-polio_enterovirus_symptoms_and_signs/symptoms.htm,EV-D68 (Non-Polio Enterovirus Symptoms and Signs)
http://www.medicinenet.com/excessive_sweating/symptoms.htm,Excessive Sweating
http://www.medicinenet.com/yawning/symptoms.htm,Excessive Yawning (Yawning)
http://www.medicinenet.com/swimmers_ear_otitis_externa_symptoms_and_signs/symptoms.htm,External Otitis (Swimmer's Ear (Otitis Externa) Symptoms and Signs)
http://www.medicinenet.com/eye_discharge/symptoms.htm,Eye Discharge
http://www.medicinenet.com/eye_pain/symptoms.htm,Eye Pain
http://www.medicinenet.com/eye_twitch/symptoms.htm,Eye Twitch
http://www.medicinenet.com/fainting/symptoms.htm,Fainting
http://www.medicinenet.com/fatigue_and_tiredness/symptoms.htm,Fatigue and Tiredness
http://www.medicinenet.com/fecal_incontinence/symptoms.htm,Fecal Incontinence
http://www.medicinenet.com/fever/symptoms.htm,Fever
http://www.medicinenet.com/zika_virus_infection_symptoms_and_signs/symptoms.htm,Fever, Zika (Zika Virus Infection Symptoms and Signs)
http://www.medicinenet.com/fibromyalgia_symptoms_and_signs/symptoms.htm,Fibromyalgia Symptoms and Signs
http://www.medicinenet.com/finger_pain/symptoms.htm,Finger Pain
http://www.medicinenet.com/flaky_scalp/symptoms.htm,Flaky Scalp
http://www.medicinenet.com/flat_affect/symptoms.htm,Flat Affect
http://www.medicinenet.com/flu/symptoms.htm,Flu
http://www.medicinenet.com/mood_swings/symptoms.htm,Fluctuating Mood (Mood Swings)
http://www.medicinenet.com/foot_pain/symptoms.htm,Foot Pain
http://www.medicinenet.com/foreign_body_in_the_eye_symptoms_and_signs/symptoms.htm,Foreign Body in the Eye Symptoms and Signs
http://www.medicinenet.com/frequent_urination/symptoms.htm,Frequent Urination
http://www.medicinenet.com/gallbladder_attack_symptoms_and_signs/symptoms.htm,Gallbladder Attack Symptoms and Signs
http://www.medicinenet.com/gas/symptoms.htm,Gas
http://www.medicinenet.com/gastritis_symptoms_and_signs/symptoms.htm,Gastritis Symptoms and Signs
http://www.medicinenet.com/gastroenteritis_stomach_flu_symptoms_and_signs/symptoms.htm,Gastroenteritis (Stomach Flu) Symptoms and Signs
http://www.medicinenet.com/generalized_anxiety_disorder_symptoms_and_signs/symptoms.htm,Generalized Anxiety Disorder Symptoms and Signs
http://www.medicinenet.com/genital_warts_symptoms_and_signs/symptoms.htm,Genital Warts Symptoms and Signs
http://www.medicinenet.com/giardiasis_symptoms_and_signs/symptoms.htm,Giardiasis Symptoms and Signs
http://www.medicinenet.com/gum_disease_symptoms_and_signs/symptoms.htm,Gingivitis (Gum Disease Symptoms and Signs)
http://www.medicinenet.com/gout_symptoms_and_signs/symptoms.htm,Gout Symptoms and Signs
http://www.medicinenet.com/groin_pain/symptoms.htm,Groin Pain
http://www.medicinenet.com/gum_disease_symptoms_and_signs/symptoms.htm,Gum Disease Symptoms and Signs
http://www.medicinenet.com/hair_loss/symptoms.htm,Hair Loss
http://www.medicinenet.com/hairy_tongue/symptoms.htm,Hairy Tongue
http://www.medicinenet.com/hallucinations/symptoms.htm,Hallucinations
http://www.medicinenet.com/hand_pain/symptoms.htm,Hand Pain
http://www.medicinenet.com/hand_foot_and_mouth_disease_symptoms_and_signs/symptoms.htm,Hand, Foot, and Mouth Disease Symptoms and Signs
http://www.medicinenet.com/headache/symptoms.htm,Headache
http://www.medicinenet.com/hearing_loss/symptoms.htm,Hearing Loss
http://www.medicinenet.com/heart_attack_in_women_symptoms_and_signs/symptoms.htm,Heart Attack in Women Symptoms and Signs
http://www.medicinenet.com/heart_disease_symptoms_and_signs/symptoms.htm,Heart Disease Symptoms and Signs
http://www.medicinenet.com/heart_failure_symptoms_and_signs/symptoms.htm,Heart Failure Symptoms and Signs
http://www.medicinenet.com/heartburn/symptoms.htm,Heartburn
http://www.medicinenet.com/heel_pain/symptoms.htm,Heel Pain
http://www.medicinenet.com/helicobacter_pylori_h_pylori_symptoms_and_signs/symptoms.htm,Helicobacter pylori (H. pylori) Symptoms and Signs
http://www.medicinenet.com/hemolysis/symptoms.htm,Hemolysis
http://www.medicinenet.com/hemolysis/symptoms.htm,Hemolytic Anemia (Hemolysis)
http://www.medicinenet.com/hepatitis_c_hcv_symptoms_and_signs/symptoms.htm,Hepatitis C (HCV) Symptoms and Signs
http://www.medicinenet.com/herpes_symptoms_and_signs/symptoms.htm,Herpes Symptoms and Signs
http://www.medicinenet.com/hiatal_hernia_symptoms_and_signs/symptoms.htm,Hiatal Hernia Symptoms and Signs
http://www.medicinenet.com/hiccups/symptoms.htm,Hiccups
http://www.medicinenet.com/high_blood_pressure_symptoms_and_signs/symptoms.htm,High Blood Pressure Symptoms and Signs
http://www.medicinenet.com/high_blood_sugar_symptoms_and_signs/symptoms.htm,High Blood Sugar Symptoms and Signs
http://www.medicinenet.com/hip_pain/symptoms.htm,Hip Pain
http://www.medicinenet.com/hiv_infection_symptoms_and_signs/symptoms.htm,HIV Infection Symptoms and Signs
http://www.medicinenet.com/hoarseness/symptoms.htm,Hoarseness
http://www.medicinenet.com/hot_flashes/symptoms.htm,Hot Flashes
http://www.medicinenet.com/hyperactivity/symptoms.htm,Hyperactivity
http://www.medicinenet.com/hyperthermia_symptoms_and_signs/symptoms.htm,Hyperthermia Symptoms and Signs
http://www.medicinenet.com/hyperthyroidism_symptoms_and_signs/symptoms.htm,Hyperthyroidism Symptoms and Signs
http://www.medicinenet.com/hyperventilation/symptoms.htm,Hyperventilation
http://www.medicinenet.com/hypocalcemia_symptoms_and_signs/symptoms.htm,Hypocalcemia Symptoms and Signs
http://www.medicinenet.com/hypoglycemia_symptoms_and_signs/symptoms.htm,Hypoglycemia Symptoms and Signs
http://www.medicinenet.com/hypopituitarism_symptoms_and_signs/symptoms.htm,Hypopituitarism Symptoms and Signs
http://www.medicinenet.com/hypothermia_symptoms_and_signs/symptoms.htm,Hypothermia Symptoms and Signs
http://www.medicinenet.com/hypothyroidism_symptoms_and_signs/symptoms.htm,Hypothyroidism Symptoms and Signs
http://www.medicinenet.com/impotence/symptoms.htm,Impotence
http://www.medicinenet.com/impulsivity/symptoms.htm,Impulsivity
http://www.medicinenet.com/inability_to_regulate_emotions/symptoms.htm,Inability to Regulate Emotions
http://www.medicinenet.com/inattention/symptoms.htm,Inattention
http://www.medicinenet.com/incontinence_urine/symptoms.htm,Incontinence, Urine
http://www.medicinenet.com/increased_appetite/symptoms.htm,Increased Appetite
http://www.medicinenet.com/infectious_mononucleosis_mono_symptoms_and_signs/symptoms.htm,Infectious Mononucleosis (Mono) Symptoms and Signs
http://www.medicinenet.com/infertility/symptoms.htm,Infertility
http://www.medicinenet.com/laryngitis/symptoms.htm,Inflammation of the Larynx (Laryngitis)
http://www.medicinenet.com/insomnia/symptoms.htm,Insomnia
http://www.medicinenet.com/insulin_resistance_symptoms_and_signs/symptoms.htm,Insulin Resistance Symptoms and Signs
http://www.medicinenet.com/interstitial_cystitis_symptoms_and_signs/symptoms.htm,Interstitial Cystitis Symptoms and Signs
http://www.medicinenet.com/inverted_nipple/symptoms.htm,Invaginated Nipple (Inverted Nipple)
http://www.medicinenet.com/inverted_nipple/symptoms.htm,Inverted Nipple
http://www.medicinenet.com/irritable_bowel_syndrome_ibs_symptoms_and_signs/symptoms.htm,Irritable Bowel Syndrome (IBS) Symptoms and Signs
http://www.medicinenet.com/itch/symptoms.htm,Itch
http://www.medicinenet.com/jaundice/symptoms.htm,Jaundice
http://www.medicinenet.com/jaw_pain/symptoms.htm,Jaw Pain
http://www.medicinenet.com/joint_cracking/symptoms.htm,Joint Cracking
http://www.medicinenet.com/joint_deformity/symptoms.htm,Joint Deformity
http://www.medicinenet.com/joint_pain/symptoms.htm,Joint Pain
http://www.medicinenet.com/joint_cracking/symptoms.htm,Joint Popping (Joint Cracking)
http://www.medicinenet.com/joint_redness/symptoms.htm,Joint Redness
http://www.medicinenet.com/joint_stiffness/symptoms.htm,Joint Stiffness
http://www.medicinenet.com/joint_warmth/symptoms.htm,Joint Warmth
http://www.medicinenet.com/kawasaki_disease_symptoms_and_signs/symptoms.htm,Kawasaki Disease Symptoms and Signs
http://www.medicinenet.com/kidney_cancer_symptoms_and_signs/symptoms.htm,Kidney Cancer Symptoms and Signs
http://www.medicinenet.com/kidney_infection_symptoms_and_signs/symptoms.htm,Kidney Infection Symptoms and Signs
http://www.medicinenet.com/kidney_stone_symptoms_and_signs/symptoms.htm,Kidney Stone Symptoms and Signs
http://www.medicinenet.com/knee_pain/symptoms.htm,Knee Pain
http://www.medicinenet.com/swollen_knee/symptoms.htm,Knee Swelling (Swollen Knee)
http://www.medicinenet.com/koilonychia/symptoms.htm,Koilonychia
http://www.medicinenet.com/inability_to_regulate_emotions/symptoms.htm,Labile Mood (Inability to Regulate Emotions)
http://www.medicinenet.com/lack_of_facial_expressions/symptoms.htm,Lack of Facial Expressions
http://www.medicinenet.com/lactose_intolerance_symptoms_and_signs/symptoms.htm,Lactase Deficiency (Lactose Intolerance Symptoms and Signs)
http://www.medicinenet.com/lactose_intolerance_symptoms_and_signs/symptoms.htm,Lactose Intolerance Symptoms and Signs
http://www.medicinenet.com/laryngitis/symptoms.htm,Laryngitis
http://www.medicinenet.com/leg_pain/symptoms.htm,Leg Pain
http://www.medicinenet.com/leg_sores/symptoms.htm,Leg Sores
http://www.medicinenet.com/leg_swelling/symptoms.htm,Leg Swelling
http://www.medicinenet.com/leukemia_symptoms_and_signs/symptoms.htm,Leukemia Symptoms and Signs
http://www.medicinenet.com/limping/symptoms.htm,Limping
http://www.medicinenet.com/liver_cancer_symptoms_and_signs/symptoms.htm,Liver Cancer Symptoms and Signs
http://www.medicinenet.com/loss_of_appetite/symptoms.htm,Loss of Appetite
http://www.medicinenet.com/loss_of_speech/symptoms.htm,Loss of Speech
http://www.medicinenet.com/loss_of_taste_sensation/symptoms.htm,Loss of Taste Sensation
http://www.medicinenet.com/loss_of_temperature_sensation/symptoms.htm,Loss of Temperature Sensation
http://www.medicinenet.com/low_blood_pressure_symptoms_and_signs/symptoms.htm,Low Blood Pressure Symptoms and Signs
http://www.medicinenet.com/hypoglycemia_symptoms_and_signs/symptoms.htm,Low Blood Sugar (Hypoglycemia Symptoms and Signs)
http://www.medicinenet.com/low_libido/symptoms.htm,Low Libido
http://www.medicinenet.com/low_testosterone_low_t/symptoms.htm,Low Testosterone (Low T)
http://www.medicinenet.com/low_urine_output/symptoms.htm,Low Urine Output
http://www.medicinenet.com/lump_or_mass_on_gums/symptoms.htm,Lump or Mass on Gums
http://www.medicinenet.com/lung_cancer_symptoms_and_signs/symptoms.htm,Lung Cancer Symptoms and Signs
http://www.medicinenet.com/lupus_symptoms_and_signs/symptoms.htm,Lupus Symptoms and Signs
http://www.medicinenet.com/lyme_disease_symptoms_and_signs/symptoms.htm,Lyme Disease Symptoms and Signs
http://www.medicinenet.com/swollen_lymph_nodes/symptoms.htm,Lymph Node Swelling (Swollen Lymph Nodes)
http://www.medicinenet.com/malnutrition_symptoms_and_signs/symptoms.htm,Malnutrition Symptoms and Signs
http://www.medicinenet.com/mastitis_symptoms_and_signs/symptoms.htm,Mastitis Symptoms and Signs
http://www.medicinenet.com/measles_rubeola_symptoms_and_signs/symptoms.htm,Measles (Rubeola) Symptoms and Signs
http://www.medicinenet.com/memory_loss/symptoms.htm,Memory Loss
http://www.medicinenet.com/menieres_disease_symptoms_and_signs/symptoms.htm,Meniere's Disease Symptoms and Signs
http://www.medicinenet.com/meningitis_symptoms_and_signs/symptoms.htm,Meningitis Symptoms and Signs
http://www.medicinenet.com/menopause_symptoms_and_signs/symptoms.htm,Menopause Symptoms and Signs
http://www.medicinenet.com/menstrual_cramps/symptoms.htm,Menstrual Cramps
http://www.medicinenet.com/metallic_taste_in_the_mouth/symptoms.htm,Metallic Taste in the Mouth
http://www.medicinenet.com/middle_ear_infection_symptoms_and_signs/symptoms.htm,Middle Ear Infection Symptoms and Signs
http://www.medicinenet.com/migraine_symptoms_and_signs/symptoms.htm,Migraine Symptoms and Signs
http://www.medicinenet.com/miscarriage_symptoms_and_signs/symptoms.htm,Miscarriage Symptoms and Signs
http://www.medicinenet.com/missed_menstrual_period/symptoms.htm,Missed Menstrual Period
http://www.medicinenet.com/mood_swings/symptoms.htm,Mood Swings
http://www.medicinenet.com/morning_sickness_symptoms_and_signs/symptoms.htm,Morning Sickness Symptoms and Signs
http://www.medicinenet.com/tic/symptoms.htm,Motor Tics (Tic)
http://www.medicinenet.com/mouth_sores/symptoms.htm,Mouth Sores
http://www.medicinenet.com/mrsa_infection_symptoms_and_signs/symptoms.htm,MRSA Infection Symptoms and Signs
http://www.medicinenet.com/multiple_myeloma_symptoms_and_signs/symptoms.htm,Multiple Myeloma Symptoms and Signs
http://www.medicinenet.com/multiple_sclerosis_ms_symptoms_and_signs/symptoms.htm,Multiple Sclerosis (MS) Symptoms and Signs
http://www.medicinenet.com/mumps_symptoms_and_signs/symptoms.htm,Mumps Symptoms and Signs
http://www.medicinenet.com/muscle_cramps/symptoms.htm,Muscle Cramps
http://www.medicinenet.com/muscle_pain_myalgia/symptoms.htm,Muscle Pain (Myalgia)
http://www.medicinenet.com/spasticity/symptoms.htm,Muscle Spasticity (Spasticity)
http://www.medicinenet.com/loss_of_speech/symptoms.htm,Mutism (Loss of Speech)
http://www.medicinenet.com/nail_clubbing/symptoms.htm,Nail Clubbing
http://www.medicinenet.com/nail_discoloration/symptoms.htm,Nail Discoloration
http://www.medicinenet.com/nail_fungus_onychomycosis_symptoms_and_signs/symptoms.htm,Nail Fungus (Onychomycosis) Symptoms and Signs
http://www.medicinenet.com/nail_pitting/symptoms.htm,Nail Pitting
http://www.medicinenet.com/nail_separation/symptoms.htm,Nail Separation
http://www.medicinenet.com/nasal_congestion/symptoms.htm,Nasal Congestion
http://www.medicinenet.com/nausea/symptoms.htm,Nausea
http://www.medicinenet.com/neck_pain/symptoms.htm,Neck Pain
http://www.medicinenet.com/self-neglect/symptoms.htm,Neglecting Oneself (Self-Neglect)
http://www.medicinenet.com/neonatal_jaundice/symptoms.htm,Neonatal Jaundice
http://www.medicinenet.com/inverted_nipple/symptoms.htm,Nipple Inversion (Inverted Nipple)
http://www.medicinenet.com/inverted_nipple/symptoms.htm,Nipple Retraction (Inverted Nipple)
http://www.medicinenet.com/non-polio_enterovirus_symptoms_and_signs/symptoms.htm,Non-Polio Enterovirus Symptoms and Signs
http://www.medicinenet.com/numbness_fingers/symptoms.htm,Numbness Fingers
http://www.medicinenet.com/numbness_or_tingling_sensation_in_the_tongue/symptoms.htm,Numbness or Tingling Sensation in the Tongue
http://www.medicinenet.com/numbness_toes/symptoms.htm,Numbness Toes
http://www.medicinenet.com/vertical_ridges_on_the_fingernails/symptoms.htm,Onychorrhexis (Vertical Ridges on the Fingernails)
http://www.medicinenet.com/osteopenia/symptoms.htm,Osteopenia
http://www.medicinenet.com/osteoporosis_symptoms_and_signs/symptoms.htm,Osteoporosis Symptoms and Signs
http://www.medicinenet.com/ovarian_cancer_symptoms_and_signs/symptoms.htm,Ovarian Cancer Symptoms and Signs
http://www.medicinenet.com/bladder_spasms/symptoms.htm,Overactive Bladder (Bladder Spasms)
http://www.medicinenet.com/overactive_bladder_oab_symptoms_and_signs/symptoms.htm,Overactive Bladder (OAB) Symptoms and Signs
http://www.medicinenet.com/penile_pain/symptoms.htm,Pain in the Penis (Penile Pain)
http://www.medicinenet.com/painful_gums/symptoms.htm,Painful Gums
http://www.medicinenet.com/painful_intercourse/symptoms.htm,Painful Intercourse
http://www.medicinenet.com/pale_skin/symptoms.htm,Pale Skin
http://www.medicinenet.com/palpitations/symptoms.htm,Palpitations
http://www.medicinenet.com/pancreatic_cancer_symptoms_and_signs/symptoms.htm,Pancreatic Cancer Symptoms and Signs
http://www.medicinenet.com/pancreatitis_symptoms_and_signs/symptoms.htm,Pancreatitis Symptoms and Signs
http://www.medicinenet.com/panic_attack_symptoms_and_signs/symptoms.htm,Panic Attack Symptoms and Signs
http://www.medicinenet.com/paralysis/symptoms.htm,Paralysis
http://www.medicinenet.com/paraneoplastic_syndrome_symptoms_and_signs/symptoms.htm,Paraneoplastic Syndrome Symptoms and Signs
http://www.medicinenet.com/paranoia/symptoms.htm,Paranoia
http://www.medicinenet.com/peeling_skin/symptoms.htm,Peeling Skin
http://www.medicinenet.com/pelvic_pain/symptoms.htm,Pelvic Pain
http://www.medicinenet.com/penile_discharge/symptoms.htm,Penile Discharge
http://www.medicinenet.com/penile_itching/symptoms.htm,Penile Itching
http://www.medicinenet.com/penile_pain/symptoms.htm,Penile Pain
http://www.medicinenet.com/gum_disease_symptoms_and_signs/symptoms.htm,Periodontitis (Gum Disease Symptoms and Signs)
http://www.medicinenet.com/peripheral_neuropathy/symptoms.htm,Peripheral Neuropathy
http://www.medicinenet.com/phlebitis_symptoms_and_signs/symptoms.htm,Phlebitis Symptoms and Signs
http://www.medicinenet.com/photophobia/symptoms.htm,Photophobia
http://www.medicinenet.com/pink_eye/symptoms.htm,Pink Eye
http://www.medicinenet.com/pleurisy/symptoms.htm,Pleurisy
http://www.medicinenet.com/pms_premenstrual_syndrome_symptoms_and_signs/symptoms.htm,PMS (Premenstrual Syndrome) Symptoms and Signs
http://www.medicinenet.com/pneumonia_symptoms_and_signs/symptoms.htm,Pneumonia Symptoms and Signs
http://www.medicinenet.com/polycystic_kidney_disease_pkd_symptoms_and_signs/symptoms.htm,Polycystic Kidney Disease (PKD) Symptoms and Signs
http://www.medicinenet.com/poor_hygiene/symptoms.htm,Poor Hygiene
http://www.medicinenet.com/malnutrition_symptoms_and_signs/symptoms.htm,Poor Nutrition (Malnutrition Symptoms and Signs)
http://www.medicinenet.com/postnasal_drip_symptoms_and_signs/symptoms.htm,Postnasal Drip Symptoms and Signs
http://www.medicinenet.com/postpartum_depression_symptoms_and_signs/symptoms.htm,Postpartum Depression Symptoms and Signs
http://www.medicinenet.com/pregnancy_symptoms_and_signs/symptoms.htm,Pregnancy Symptoms and Signs
http://www.medicinenet.com/prostate_cancer_symptoms_and_signs/symptoms.htm,Prostate Cancer Symptoms and Signs
http://www.medicinenet.com/proteinuria_protein_in_the_urine/symptoms.htm,Proteinuria (Protein in the Urine)
http://www.medicinenet.com/anal_itching/symptoms.htm,Pruritus Ani (Anal Itching)
http://www.medicinenet.com/psoriasis_symptoms_and_signs/symptoms.htm,Psoriasis Symptoms and Signs
http://www.medicinenet.com/psoriatic_arthritis_symptoms_and_signs/symptoms.htm,Psoriatic Arthritis Symptoms and Signs
http://www.medicinenet.com/ptosis/symptoms.htm,Ptosis
http://www.medicinenet.com/rash/symptoms.htm,Rash
http://www.medicinenet.com/rectal_bleeding/symptoms.htm,Rectal Bleeding
http://www.medicinenet.com/fecal_incontinence/symptoms.htm,Rectal Incontinence (Fecal Incontinence)
http://www.medicinenet.com/rectal_pain/symptoms.htm,Rectal Pain
http://www.medicinenet.com/red_spots_on_the_skin/symptoms.htm,Red Spots on the Skin
http://www.medicinenet.com/red_streaks_on_the_skin/symptoms.htm,Red Streaks on the Skin
http://www.medicinenet.com/restless_leg_syndrome/symptoms.htm,Restless Leg Syndrome
http://www.medicinenet.com/rheumatoid_arthritis_ra_symptoms_and_signs/symptoms.htm,Rheumatoid Arthritis (RA) Symptoms and Signs
http://www.medicinenet.com/ringing_in_ears/symptoms.htm,Ringing in Ears
http://www.medicinenet.com/roseola_symptoms_and_signs/symptoms.htm,Roseola Symptoms and Signs
http://www.medicinenet.com/runny_nose/symptoms.htm,Runny Nose
http://www.medicinenet.com/scarlet_fever_symptoms_and_signs/symptoms.htm,Scarlet Fever Symptoms and Signs
http://www.medicinenet.com/schizophrenia_symptoms_and_signs/symptoms.htm,Schizophrenia Symptoms and Signs
http://www.medicinenet.com/seizures/symptoms.htm,Seizures
http://www.medicinenet.com/self-neglect/symptoms.htm,Self-Neglect
http://www.medicinenet.com/shaking_hands_hand_tremors/symptoms.htm,Shaking Hands (Hand Tremors)
http://www.medicinenet.com/shingles_symptoms_and_signs/symptoms.htm,Shingles Symptoms and Signs
http://www.medicinenet.com/shortness_of_breath/symptoms.htm,Shortness of Breath
http://www.medicinenet.com/shoulder_pain/symptoms.htm,Shoulder Pain
http://www.medicinenet.com/sinus_infection_sinusitis_symptoms_and_signs/symptoms.htm,Sinus Infection (Sinusitis) Symptoms and Signs
http://www.medicinenet.com/sleep_apnea_symptoms_and_signs/symptoms.htm,Sleep Apnea Symptoms and Signs
http://www.medicinenet.com/small_intestine_cancer_symptoms_and_signs/symptoms.htm,Small Intestine Cancer Symptoms and Signs
http://www.medicinenet.com/sneezing/symptoms.htm,Sneezing
http://www.medicinenet.com/snoring/symptoms.htm,Snoring
http://www.medicinenet.com/sore_throat/symptoms.htm,Sore Throat
http://www.medicinenet.com/sore_tongue/symptoms.htm,Sore Tongue
http://www.medicinenet.com/spasticity/symptoms.htm,Spasticity
http://www.medicinenet.com/koilonychia/symptoms.htm,Spoon-Shaped Fingernails (Koilonychia)
http://www.medicinenet.com/sneezing/symptoms.htm,Sternutation (Sneezing)
http://www.medicinenet.com/stiff_neck/symptoms.htm,Stiff Neck
http://www.medicinenet.com/stomach_cramps/symptoms.htm,Stomach Cramps
http://www.medicinenet.com/stomach_ulcer_peptic_ulcer_symptoms_and_signs/symptoms.htm,Stomach Ulcer (Peptic Ulcer) Symptoms and Signs
http://www.medicinenet.com/stool_color_and_texture_changes/symptoms.htm,Stool Color &amp; Texture Changes
http://www.medicinenet.com/unusual_behavior/symptoms.htm,Strange Behavior (Unusual Behavior)
http://www.medicinenet.com/strep_throat_symptoms_and_signs/symptoms.htm,Strep Throat Symptoms and Signs
http://www.medicinenet.com/stroke_symptoms_and_signs/symptoms.htm,Stroke Symptoms and Signs
http://www.medicinenet.com/sty_symptoms_and_signs/symptoms.htm,Sty Symptoms and Signs
http://www.medicinenet.com/suicide/symptoms.htm,Suicide
http://www.medicinenet.com/swimmers_ear_otitis_externa_symptoms_and_signs/symptoms.htm,Swimmer's Ear (Otitis Externa) Symptoms and Signs
http://www.medicinenet.com/swine_flu_symptoms_and_signs/symptoms.htm,Swine Flu Symptoms and Signs
http://www.medicinenet.com/swollen_ankles_andor_swollen_feet/symptoms.htm,Swollen Ankles and/or Swollen Feet
http://www.medicinenet.com/swollen_eyes/symptoms.htm,Swollen Eyes
http://www.medicinenet.com/swollen_joints/symptoms.htm,Swollen Joints
http://www.medicinenet.com/swollen_knee/symptoms.htm,Swollen Knee
http://www.medicinenet.com/swollen_lip/symptoms.htm,Swollen Lip
http://www.medicinenet.com/swollen_lymph_nodes/symptoms.htm,Swollen Lymph Nodes
http://www.medicinenet.com/swollen_testicles/symptoms.htm,Swollen Testicles
http://www.medicinenet.com/swollen_tongue/symptoms.htm,Swollen Tongue
http://www.medicinenet.com/swollen_tonsils/symptoms.htm,Swollen Tonsils
http://www.medicinenet.com/tachycardia/symptoms.htm,Tachycardia
http://www.medicinenet.com/testicular_pain/symptoms.htm,Testicular Pain
http://www.medicinenet.com/swollen_testicles/symptoms.htm,Testicular Swelling (Swollen Testicles)
http://www.medicinenet.com/thirst/symptoms.htm,Thirst
http://www.medicinenet.com/throat_cancer_symptoms_and_signs/symptoms.htm,Throat Cancer Symptoms and Signs
http://www.medicinenet.com/thrush_oral_candidiasis_symptoms_and_signs/symptoms.htm,Thrush (Oral Candidiasis) Symptoms and Signs
http://www.medicinenet.com/tic/symptoms.htm,Tic
http://www.medicinenet.com/tingling_in_hands_and_feet/symptoms.htm,Tingling in Hands and Feet
http://www.medicinenet.com/toe_pain/symptoms.htm,Toe Pain
http://www.medicinenet.com/toothache/symptoms.htm,Toothache
http://www.medicinenet.com/concussion_symptoms_and_signs/symptoms.htm,Traumatic Brain Injury (Concussion Symptoms and Signs)
http://www.medicinenet.com/tremor/symptoms.htm,Tremor
http://www.medicinenet.com/tunnel_vision/symptoms.htm,Tunnel Vision
http://www.medicinenet.com/ulcerative_colitis_symptoms_and_signs/symptoms.htm,Ulcerative Colitis Symptoms and Signs
http://www.medicinenet.com/malnutrition_symptoms_and_signs/symptoms.htm,Undernutrition (Malnutrition Symptoms and Signs)
http://www.medicinenet.com/unsteady_gait/symptoms.htm,Unsteady Gait
http://www.medicinenet.com/unusual_behavior/symptoms.htm,Unusual Behavior
http://www.medicinenet.com/upper_respiratory_infection_symptoms_and_signs/symptoms.htm,Upper Respiratory Infection Symptoms and Signs
http://www.medicinenet.com/bladder_spasms/symptoms.htm,Urge Incontinence (Bladder Spasms)
http://www.medicinenet.com/urinary_retention/symptoms.htm,Urinary Retention
http://www.medicinenet.com/urinary_tract_infection_uti_symptoms_and_signs/symptoms.htm,Urinary Tract Infection (UTI) Symptoms and Signs
http://www.medicinenet.com/urinary_urgency/symptoms.htm,Urinary Urgency
http://www.medicinenet.com/urine_odor/symptoms.htm,Urine Odor
http://www.medicinenet.com/vaginal_bleeding/symptoms.htm,Vaginal Bleeding
http://www.medicinenet.com/vaginal_discharge/symptoms.htm,Vaginal Discharge
http://www.medicinenet.com/vaginal_dryness/symptoms.htm,Vaginal Dryness
http://www.medicinenet.com/vaginal_itching/symptoms.htm,Vaginal Itching
http://www.medicinenet.com/vaginal_odor/symptoms.htm,Vaginal Odor
http://www.medicinenet.com/vaginal_pain/symptoms.htm,Vaginal Pain
http://www.medicinenet.com/vaginal_yeast_infection_symptoms_and_signs/symptoms.htm,Vaginal Yeast Infection Symptoms and Signs
http://www.medicinenet.com/vertical_ridges_on_the_fingernails/symptoms.htm,Vertical Ridges on the Fingernails
http://www.medicinenet.com/vertigo/symptoms.htm,Vertigo
http://www.medicinenet.com/vision_loss/symptoms.htm,Vision Loss
http://www.medicinenet.com/vitamin_b12_deficiency_symptoms_and_signs/symptoms.htm,Vitamin B12 Deficiency Symptoms and Signs
http://www.medicinenet.com/vocal_outbursts/symptoms.htm,Vocal Outbursts
http://www.medicinenet.com/tic/symptoms.htm,Vocal Tics (Tic)
http://www.medicinenet.com/vomiting/symptoms.htm,Vomiting
http://www.medicinenet.com/vomiting_blood/symptoms.htm,Vomiting Blood
http://www.medicinenet.com/watery_eye/symptoms.htm,Watery Eye
http://www.medicinenet.com/weakness/symptoms.htm,Weakness
http://www.medicinenet.com/weight_gain/symptoms.htm,Weight Gain
http://www.medicinenet.com/weight_loss/symptoms.htm,Weight Loss
http://www.medicinenet.com/west_nile_virus_symptoms_and_signs/symptoms.htm,West Nile Virus Symptoms and Signs
http://www.medicinenet.com/wheezing/symptoms.htm,Wheezing
http://www.medicinenet.com/white_tongue/symptoms.htm,White Tongue
http://www.medicinenet.com/wrist_pain/symptoms.htm,Wrist Pain
http://www.medicinenet.com/yawning/symptoms.htm,Yawning
http://www.medicinenet.com/zika_virus_infection_symptoms_and_signs/symptoms.htm,Zika Virus Infection Symptoms and Signs